laureate_id,laureate_name,prize_year,title,journal,affiliation,is_prize_winning,locations_count,locations,doi,error_message
10001,"thouless, dj",2016,metastability and phase transitions in two dimensional systems,,,NO,0,[],,"can only concatenate str (not ""float"") to str"
10002,"kosterlitz, jm",2016,metastability and phase transitions in two dimensional systems,,brown university,NO,0,[],,"can only concatenate str (not ""float"") to str"
10003,"haldane, fdm",2016,yangian symmetry of integrable quantum chains with long range interactions and a new description of states in conformal field theory,physical review letters,princeton university,NO,0,[],10.1103/PhysRevLett.69.2021,'NoneType' object is not subscriptable
10006,"akasaki, isamu",2014,activation energy of mg in a plane ga1 xinx n 0 x 0 17,physica status solidi b basic solid state physics,meijo university,NO,0,[],10.1002/pssb.200880826,'affiliations'
10006,"akasaki, isamu",2014,control of p type conduction in a plane ga1 xinxn 0 x 0 10 grown on r plane sapphire substrate by metalorganic vapor phase epitaxy,journal of crystal growth,meijo university,NO,0,[],10.1016/j.jcrysgro.2008.08.005,'affiliations'
10006,"akasaki, isamu",2014,high hole concentration in mg doped a plane ga1 xinxn 0 x 0 30 grown on r plane sapphire substrate by metalorganic vapor phase epitaxy,applied physics letters,meijo university,NO,0,[],10.1063/1.3021087,'affiliations'
10006,"akasaki, isamu",2014,one sidewall seeded epitaxial lateral overgrowth of a plane gan by metalorganic vapor phase epitaxy,journal of crystal growth,meijo university,NO,0,[],10.1016/j.jcrysgro.2009.01.036,'affiliations'
10006,"akasaki, isamu",2014,mass transport of alxga1 xn,physica status solidi (a),meijo university,NO,0,[],10.1002/1521-396X(200212)194:2<485::AID-PSSA485>3.0.CO;2,404 Client Error: NOT FOUND for url: https://api.openalex.org/works/doi:https://doi.org/10.1002/1521-396X(200212)194:2%3C485::AID-PSSA485%3E3.0.CO;2
10007,"amano, hiroshi",2014,activation energy of mg in a plane ga1 xinx n 0 x 0 17,physica status solidi b basic solid state physics,nagoya university,NO,0,[],10.1002/pssb.200880826,'affiliations'
10007,"amano, hiroshi",2014,control of p type conduction in a plane ga1 xinxn 0 x 0 10 grown on r plane sapphire substrate by metalorganic vapor phase epitaxy,journal of crystal growth,nagoya university,NO,0,[],10.1016/j.jcrysgro.2008.08.005,'affiliations'
10007,"amano, hiroshi",2014,high hole concentration in mg doped a plane ga1 xinxn 0 x 0 30 grown on r plane sapphire substrate by metalorganic vapor phase epitaxy,applied physics letters,nagoya university,NO,0,[],10.1063/1.3021087,'affiliations'
10007,"amano, hiroshi",2014,one sidewall seeded epitaxial lateral overgrowth of a plane gan by metalorganic vapor phase epitaxy,journal of crystal growth,nagoya university,NO,0,[],10.1016/j.jcrysgro.2009.01.036,'affiliations'
10007,"amano, hiroshi",2014,mass transport of alxga1 xn,physica status solidi (a),nagoya university,NO,0,[],10.1002/1521-396X(200212)194:2<485::AID-PSSA485>3.0.CO;2,404 Client Error: NOT FOUND for url: https://api.openalex.org/works/doi:https://doi.org/10.1002/1521-396X(200212)194:2%3C485::AID-PSSA485%3E3.0.CO;2
10009,"englert, f",2013,dynamical symmetry breakdown in pure yang mills field theory,nuclear physics,,NO,0,[],10.1016/0550-3213(75)90046-2,'NoneType' object is not subscriptable
10011,"haroche, serge",2012,millimeter wave spectroscopy of cesium rydberg states and possible applications to frequency metrology,le journal de physique colloques,college de france,NO,0,[],10.1051/jphyscol:1981805,'NoneType' object is not subscriptable
10012,"wineland, david",2012,superposition and quantum measurement of trapped atoms,annalen der physik,national institute of standards and technology,NO,0,[],10.1002/1521-3889(200011)9:11/12<851::AID-ANDP851>3.0.CO;2,404 Client Error: NOT FOUND for url: https://api.openalex.org/works/doi:https://doi.org/10.1002/1521-3889(200011)9:11/12%3C851::AID-ANDP851%3E3.0.CO;2
10012,"wineland, david",2012,shift of 2sl 2 hyperfine splittings due to blackbody radiation and its influence on frequency standards,le journal de physique colloques,national institute of standards and technology,NO,0,[],10.1051/jphyscol:1981835,'NoneType' object is not subscriptable
10016,"novoselov, kostya s.",2010,graphene sensors,ieee sensors journal,university of manchester,NO,0,[],,"can only concatenate str (not ""float"") to str"
10017,"geim, andre k.",2010,erratum fine structure in magnetization of individual fluxoid states phys rev lett 85 1528 2000,physical review letters,university of manchester,NO,0,[],10.17877/DE290R-16107,404 Client Error: NOT FOUND for url: https://api.openalex.org/works/doi:https://doi.org/10.17877/DE290R-16107
10021,"nambu, yoichiro",2008,considerations on the magnetic field problem in superconducting thin films,physical review,,NO,0,[],10.2172/4150936,'NoneType' object is not subscriptable
10024,"fert, a",2007,anisotropic thermal expansion of yttrium metal and yttrium based rare earth alloys at low temperature,journal of magnetism and magnetic materials,university of paris sud,NO,0,[],10.1016/0304-8853(86)90095-8,'NoneType' object is not subscriptable
10024,"fert, a",2007,interfacial scattering in layered magnetic structures,journal of magnetism and magnetic materials,university of paris sud,NO,0,[],10.1016/0304-8853(94)01528-7,'NoneType' object is not subscriptable
10024,"fert, a",2007,role of random anisotropy in determining the phase diagram of spin glasses,physical review b,university of paris sud,NO,0,[],10.1103/PhysRevB.30.6791,'NoneType' object is not subscriptable
10024,"fert, a",2007,magnetotransport properties of noble metals containing rare earth impurities i quadrupole scattering by rare earth impurities in gold,physical review b,university of paris sud,NO,0,[],10.1103/PhysRevB.16.5040,'NoneType' object is not subscriptable
10024,"fert, a",2007,magneto transport properties of noble metals containing rare earth impurities,journal of applied physics,university of paris sud,NO,0,[],10.1063/1.324719,'NoneType' object is not subscriptable
10024,"fert, a",2007,temperature dependence of the interface anisotropy in fe 001 ag 001 superlattices,journal of magnetism and magnetic materials,university of paris sud,NO,0,[],10.1016/0304-8853(92)91562-8,'NoneType' object is not subscriptable
10024,"fert, a",2007,hall effect in dilute magnetic alloys,journal of magnetism and magnetic materials,university of paris sud,NO,0,[],10.1016/0304-8853(81)90079-2,'NoneType' object is not subscriptable
10024,"fert, a",2007,quadrupole scattering in pral2,physical review b,university of paris sud,NO,0,[],10.1103/PhysRevB.28.3890,'NoneType' object is not subscriptable
10024,"fert, a",2007,theory of the hall effect in heavy fermion and mixed valence systems,journal of magnetism and magnetic materials,university of paris sud,NO,0,[],10.1016/0304-8853(87)90658-5,'NoneType' object is not subscriptable
10024,"fert, a",2007,rare earth spin glasses with uniaxial anisotropy,physical review b,university of paris sud,NO,0,[],10.1103/PhysRevB.29.4999,'NoneType' object is not subscriptable
10024,"fert, a",2007,anomalous hall effect in mixed valence compounds,journal of magnetism and magnetic materials,university of paris sud,NO,0,[],10.1016/0304-8853(89)90269-2,'NoneType' object is not subscriptable
10024,"fert, a",2007,effect of crystal field on hall effect in kondo systems,journal of magnetism and magnetic materials,university of paris sud,NO,0,[],10.1016/0304-8853(88)90379-4,'NoneType' object is not subscriptable
10024,"fert, a",2007,hall effect in ce sub 1 x y sub x pd sub 3 mixed valence alloys,physical review b,university of paris sud,NO,0,[],10.1103/PhysRevB.32.7003,'NoneType' object is not subscriptable
10024,"fert, a",2007,crystal electric field and local symmetry in rare earth amorphous alloys,journal of applied physics,university of paris sud,NO,0,[],10.1063/1.330815,'NoneType' object is not subscriptable
10024,"fert, a",2007,crystal electric field and local symmetry in rare earth amorphous alloys,journal of applied physics,centre national de la recherche scientifique,NO,0,[],10.1063/1.330815,'NoneType' object is not subscriptable
10024,"fert, a",2007,magnetic properties of gd doped y and sc single crystals,journal of magnetism and magnetic materials,university of paris sud,NO,0,[],10.1016/0304-8853(84)90007-6,'NoneType' object is not subscriptable
10024,"fert, a",2007,anisotropic rare earth spin glasses,physical review b,university of paris sud,NO,0,[],10.1103/PhysRevB.26.5300,'NoneType' object is not subscriptable
10024,"fert, a",2007,local hall probe magnetometry application to magnetic multilayers,journal of magnetism and magnetic materials,university of paris sud,NO,0,[],10.1016/0304-8853(92)91560-G,'NoneType' object is not subscriptable
10024,"fert, a",2007,hall effect in cecu4ga and cecu3ga2 alloys,physica b condensed matter,university of paris sud,NO,0,[],10.1016/0921-4526(91)90527-L,'NoneType' object is not subscriptable
10024,"fert, a",2007,anisotropy energy of cumn spin glasses,journal of applied physics,university of paris sud,NO,0,[],10.1063/1.330143,'NoneType' object is not subscriptable
10024,"fert, a",2007,giant magnetoresistance in ag co and cu co multilayers with very thin co layers,physica b condensed matter,university of paris sud,NO,0,[],10.1016/0921-4526(94)00274-Y,'NoneType' object is not subscriptable
10024,"fert, a",2007,magnetic ordering in ygd alloys,journal of applied physics,university of paris sud,NO,0,[],10.1063/1.335160,'NoneType' object is not subscriptable
10024,"fert, a",2007,anisotropic magnetoelastic coupling in ceni intermediate valence compound,physica b condensed matter,university of paris sud,NO,0,[],10.1016/0378-4363(85)90205-0,'NoneType' object is not subscriptable
10024,"fert, a",2007,origin of magnetic anistropy in transition metal spin glass alloys,journal of applied physics,university of paris sud,NO,0,[],10.1063/1.329688,'NoneType' object is not subscriptable
10024,"fert, a",2007,distribution of crystal electric fields in amorphous rare earth alloys,journal of magnetism and magnetic materials,university of paris sud,NO,0,[],10.1016/0304-8853(89)90125-X,'NoneType' object is not subscriptable
10024,"fert, a",2007,hall effect in the heavy fermion compound ceptsi,physical review b,university of paris sud,NO,0,[],10.1103/PhysRevB.38.7141,'NoneType' object is not subscriptable
10024,"fert, a",2007,electron localization and interaction effects in au si multilayered systems,physical review b,university of paris sud,NO,0,[],10.1103/PhysRevB.39.7424,'NoneType' object is not subscriptable
10024,"fert, a",2007,temperature and magnetic field dependence of the two dimensional conductivity in auxsi1 x si and cu si multilayers,physical review b,university of paris sud,NO,0,[],10.1103/PhysRevB.42.2728,'NoneType' object is not subscriptable
10024,"fert, a",2007,twisted spin configurations in thin magnetic layers with interface anisotropy,journal of magnetism and magnetic materials,university of paris sud,NO,0,[],10.1016/0304-8853(92)91263-S,'NoneType' object is not subscriptable
10024,"fert, a",2007,magnetoresistance of silver single crystals containing rare earth impurities,journal of applied physics,university of paris sud,NO,0,[],10.1063/1.327158,'NoneType' object is not subscriptable
10024,"fert, a",2007,resistivity anisotropy of rare earth impurities in gadolinium and in the zn y compound,physica b condensed matter,university of paris sud,NO,0,[],10.1016/0378-4363(77)90412-0,'NoneType' object is not subscriptable
10024,"fert, a",2007,interfacial scattering and interface resistance for penpendicular transport in magnetic multilayers,journal of magnetism and magnetic materials,university of paris sud,NO,0,[],10.1016/0304-8853(94)00322-X,'NoneType' object is not subscriptable
10024,"fert, a",2007,effect of crystal fields on the hall effect in kondo type systems,physical review b,university of paris sud,NO,0,[],10.1103/PhysRevB.39.12224,'NoneType' object is not subscriptable
10024,"fert, a",2007,anisotropy in binary metallic spin glass alloys i transition metals,physical review b,centre national de la recherche scientifique,NO,0,[],10.1103/PhysRevB.33.276,'NoneType' object is not subscriptable
10024,"fert, a",2007,anisotropy induced by nonmagnetic impurities incumn spin glass alloys,physical review b,centre national de la recherche scientifique,NO,0,[],10.1103/PhysRevB.23.4667,'NoneType' object is not subscriptable
10024,"fert, a",2007,electrical resistivity of ferromagnetic nickel and iron based alloys,journal of physics f metal physics,centre national de la recherche scientifique,NO,0,[],10.1088/0305-4608/6/5/025,'NoneType' object is not subscriptable
10024,"fert, a",2007,weak localisation in metallic glasses i magnetoresistance,journal of physics f metal physics,centre national de la recherche scientifique,NO,0,[],10.1088/0305-4608/16/12/019,'NoneType' object is not subscriptable
10024,"fert, a",2007,perpendicular magnetoresistance in magnetic multilayers theoretical model and discussion invited,journal of applied physics,centre national de la recherche scientifique,NO,0,[],10.1063/1.356868,'NoneType' object is not subscriptable
10024,"fert, a",2007,calculation of the temperature dependence of the giant mr and application to co cu multilayers,journal of applied physics,centre national de la recherche scientifique,NO,0,[],10.1063/1.356729,'NoneType' object is not subscriptable
10024,"fert, a",2007,spin relaxation effects in the perpendicular magnetoresistance of magnetic multilayers,physical review b,centre national de la recherche scientifique,NO,0,[],10.1103/PhysRevB.52.6513,'NoneType' object is not subscriptable
10024,"fert, a",2007,dynamics of dzyaloshinskii domain walls in ultrathin magnetic films,epl,centre national de la recherche scientifique,NO,0,[],10.1209/0295-5075/100/57002,'NoneType' object is not subscriptable
10024,"fert, a",2007,dynamic evidence for a 2d 3d crossover in the ising spin glass fe0 35mg0 65br2,journal de physique,centre national de la recherche scientifique,NO,0,[],10.1051/jphys:0198900500240344100,'NoneType' object is not subscriptable
10024,"fert, a",2007,magnetoresistance of ferromagnetic tunnel junctions with al2o3 barriers formed by rf sputter etching in ar o2 plasma,applied physics letters,centre national de la recherche scientifique,NO,0,[],10.1063/1.121952,'NoneType' object is not subscriptable
10024,"fert, a",2007,electrical conductivity of magnetic multilayered structures,physical review letters,university of paris,NO,0,[],10.1103/PhysRevLett.65.1643,'NoneType' object is not subscriptable
10024,"fert, a",2007,magnetoresistance of amorphous cuzr weak localization in a three dimensional system,solid state communications,university of paris,NO,0,[],10.1016/0038-1098(84)90436-8,'NoneType' object is not subscriptable
10024,"fert, a",2007,influence of dzyaloshinsky moriya interactions on the critical behavior of metallic spin glasses,journal of applied physics,university of paris,NO,0,[],10.1063/1.338540,'NoneType' object is not subscriptable
10024,"fert, a",2007,the magnetic state and its macroscopic anisotropy in amorphous rare earth alloys invited,journal of applied physics,university of paris,NO,0,[],10.1063/1.345959,'NoneType' object is not subscriptable
10024,"fert, a",2007,role of anisotropic exchange interactions in determining the properties of spin glasses,physical review letters,university of paris,NO,0,[],10.1103/PhysRevLett.44.1538,'NoneType' object is not subscriptable
10024,"fert, a",2007,weak localization effect in the magnetoresistance of nitmb amorphous alloys,solid state communications,university of paris,NO,0,[],10.1016/0038-1098(88)90384-5,'NoneType' object is not subscriptable
10024,"fert, a",2007,conductivity and magnetoresistance of magnetic multilayered structures,physical review b,university of paris,NO,0,[],10.1103/PhysRevB.45.8689,'NoneType' object is not subscriptable
10024,"fert, a",2007,crystal field of gd3 in hexagonal metals,physical review b,university of paris,NO,0,[],10.1103/PhysRevB.31.6245,'NoneType' object is not subscriptable
10024,"fert, a",2007,random anisotropy and phase diagram of spin glasses,journal of applied physics,university of paris,NO,0,[],10.1063/1.335107,'NoneType' object is not subscriptable
10024,"fert, a",2007,anisotropic k  interactions from spin orbit coupled 5d intermediate states,solid state communications,university of paris,NO,0,[],10.1016/0038-1098(81)90435-X,'NoneType' object is not subscriptable
10024,"fert, a",2007,triad anisotropy of spin glasses and torque experiments invited,journal of applied physics,university of paris,NO,0,[],10.1063/1.333428,'NoneType' object is not subscriptable
10024,"fert, a",2007,critical line for strong irreversibility in spin glass and ferro spin glass alloys,physical review letters,university of paris,NO,0,[],10.1103/PhysRevLett.51.57,'NoneType' object is not subscriptable
10024,"fert, a",2007,unified approach to some transport and epr properties of noble metals with rare earth impurities,physical review b,university of paris,NO,0,[],10.1103/PhysRevB.26.1099,'NoneType' object is not subscriptable
10024,"fert, a",2007,magnetotransport properties of ybnisn,physica b condensed matter,,NO,0,[],10.1016/0921-4526(91)90528-M,'NoneType' object is not subscriptable
10024,"fert, a",2007,movable uniaxial macroscopic anisotropy in amorphous tb fe,epl,university of paris,NO,0,[],10.1209/0295-5075/9/3/016,'NoneType' object is not subscriptable
10024,"fert, a",2007,theory of the magnetoresistance in magnetic multilayers analytical expressions from a semiclassical approach,physical review b,,NO,0,[],10.1103/PhysRevB.43.13124,'NoneType' object is not subscriptable
10024,"fert, a",2007,magnetoresistance of nickel alloys and electron scattering dependent on spin orientation,journal of applied physics,,NO,0,[],10.1063/1.1658975,'NoneType' object is not subscriptable
10024,"fert, a",2007,electron scattering by the electronic quadrupole moment of rare earth impurities,physical review letters,,NO,0,[],10.1103/PhysRevLett.33.1214,'NoneType' object is not subscriptable
10024,"fert, a",2007,origin of anisotropy in transition metal spin glass alloys invited,journal of applied physics,,NO,0,[],10.1063/1.330770,'NoneType' object is not subscriptable
10024,"fert, a",2007,theory of the hall effect in heavy fermion compounds,physical review b,,NO,0,[],10.1103/PhysRevB.36.1907,'NoneType' object is not subscriptable
10024,"fert, a",2007,interface resistance for perpendicular transport in layered magnetic structures,physical review b,,NO,0,[],10.1103/PhysRevB.49.12835,'NoneType' object is not subscriptable
10024,"fert, a",2007,magnetoresistance of amorphous alloys weak localization in three dimensional metallic systems,journal of applied physics,united parcel service,NO,0,[],10.1063/1.333528,'NoneType' object is not subscriptable
10024,"fert, a",2007,two current conduction in ferromagnetic metals and spin wave electron collisions,journal of physics c solid state physics,,NO,0,[],10.1088/0022-3719/2/10/311,'NoneType' object is not subscriptable
10024,"fert, a",2007,the extraordinary hall effect in dilute pd based alloys,solid state communications,university of paris sud,NO,0,[],10.1016/0038-1098(78)90091-1,'NoneType' object is not subscriptable
10024,"fert, a",2007,quadrupole scattering resistivity anisotropy of rare earth impurities in gadolinium,solid state communications,university of paris sud,NO,0,[],10.1016/0038-1098(76)90234-9,'NoneType' object is not subscriptable
10024,"fert, a",2007,electron paramagnetic resonance in nd ag amorphous alloys,solid state communications,university of paris sud,NO,0,[],10.1016/0038-1098(79)91184-0,'NoneType' object is not subscriptable
10024,"fert, a",2007,resistivity of dyni3 and honi3 amorphous alloys,journal of physics f metal physics,,NO,0,[],10.1088/0305-4608/7/12/003,'NoneType' object is not subscriptable
10024,"fert, a",2007,magnetic and transport properties of nickel rare earth amorphous alloys,journal of physics f metal physics,,NO,0,[],10.1088/0305-4608/9/2/023,'NoneType' object is not subscriptable
10024,"fert, a",2007,anisotropy in metallic spin glasses arising from gold impurities,physical review b,,NO,0,[],10.1103/PhysRevB.31.3106,'NoneType' object is not subscriptable
10024,"fert, a",2007,skew scattering by rare earth impurities in silver gold and aluminum,physical review b,,NO,0,[],10.1103/PhysRevB.13.397,'NoneType' object is not subscriptable
10024,"fert, a",2007,comments on two band models for the electrical conduction in metals,journal of physics f metal physics,,NO,0,[],10.1088/0305-4608/1/5/105,'NoneType' object is not subscriptable
10024,"fert, a",2007,anisotropy of spin glasses from torque measurements,physical review letters,,NO,0,[],10.1103/PhysRevLett.49.1508,'NoneType' object is not subscriptable
10024,"fert, a",2007,magnetotransport properties of noble metals containing rare earth impurities ii theory,physical review b,,NO,0,[],10.1103/PhysRevB.16.5052,'NoneType' object is not subscriptable
10024,"fert, a",2007,left right asymmetry in the scattering of electrons by magnetic impurities and a hall effect,physical review letters,,NO,0,[],10.1103/PhysRevLett.28.303,'NoneType' object is not subscriptable
10024,"fert, a",2007,transport in magnetic layered structures,physica scripta,university of paris sud,NO,0,[],10.1088/0031-8949/1993/T49A/046,'NoneType' object is not subscriptable
10024,"fert, a",2007,classical theory of perpendicular giant magnetoresistance in magnetic multilayers,journal of magnetism and magnetic materials,,NO,0,[],10.1016/0304-8853(93)91225-V,'NoneType' object is not subscriptable
10027,"smoot, gf",2006,21 cm intensity mapping with the five hundred metre aperture spherical telescope,astronomy and astrophysics,university of california berkeley,NO,0,[],10.1051/0004-6361/201526794,'NoneType' object is not subscriptable
10027,"smoot, gf",2006,witnessing the reionization history using cosmic microwave background observation from planck,journal of cosmology and astroparticle physics,university of california berkeley,NO,0,[],10.1088/1475-7516/2017/11/028,'NoneType' object is not subscriptable
10027,"smoot, gf",2006,from cavendish to planck constraining newton s gravitational constant with cmb temperature and polarization anisotropy,physical review d,university of california berkeley,NO,0,[],10.1103/PhysRevD.80.023508,'NoneType' object is not subscriptable
10027,"smoot, gf",2006,measurements of the cosmic microwave background temperature at 1 47 ghz,the astrophysical journal,university of california berkeley,NO,0,[],10.2172/10183325,'NoneType' object is not subscriptable
10028,"glauber, rj",2005,density operators for fermions,physical review a,harvard university,NO,0,[],10.1002/9783527610075.ch16,'NoneType' object is not subscriptable
10028,"glauber, rj",2005,multiple diffraction theory of p p scattering at 546 gev,physics letters b,cern,NO,0,[],10.1016/0370-2693(84)90137-0,'NoneType' object is not subscriptable
10029,"hall, jl",2005,progress toward phase stable optical frequency standards,le journal de physique colloques,university of colorado boulder,NO,0,[],10.1051/jphyscol:1981808,'NoneType' object is not subscriptable
10030,"hansch, tw",2005,continuous coherent lyman alpha excitation of atomic hydrogen,physical review letters,max planck society,NO,0,[],10.1103/PhysRevLett.86.5679,'NoneType' object is not subscriptable
10030,"hansch, tw",2005,continuous wave coherent lyman alpha radiation,physical review letters,max planck society,NO,0,[],10.1103/PhysRevLett.83.3828,'NoneType' object is not subscriptable
10030,"hansch, tw",2005,miniaturized wire trap for neutral atoms,physical review letters,max planck society,NO,0,[],10.15496/publikation-4485,404 Client Error: NOT FOUND for url: https://api.openalex.org/works/doi:https://doi.org/10.15496/publikation-4485
10030,"hansch, tw",2005,holographic recording of laser induced plasma,optics letters,max planck society,NO,0,[],10.1364/OL.29.000772,'NoneType' object is not subscriptable
10032,"gross, dj",2004,low energy theorem for graviton scattering,physical review,harvard university,NO,0,[],10.1103/PhysRev.166.1287,'NoneType' object is not subscriptable
10034,"abrikosov, aa",2003,magnetic properties of superconductors of the second group,journal of experimental and theoretical physics,argonne national laboratory,YES,0,[],,"can only concatenate str (not ""float"") to str"
10036,"ginzburg, vl",2003,On the Theory of superconductivity(In Russian),,,YES,0,[],,"can only concatenate str (not ""float"") to str"
10040,"cornell, ea",2001,rapidly rotating bose einstein condensates in and near the lowest landau level,physical review letters,,NO,0,[],10.1103/PhysRevLett.92.040404,'NoneType' object is not subscriptable
10041,"ketterle, w",2001,magnetic trapping of an atomicmn55 cr52mixture,physical review a,,NO,0,[],10.1103/PhysRevA.71.025602,'NoneType' object is not subscriptable
10041,"ketterle, w",2001,evaporative cooling of metastable helium in the multi partial wave regime,physical review a,,NO,0,[],10.1103/PHYSREVA.72.0,404 Client Error: NOT FOUND for url: https://api.openalex.org/works/doi:https://doi.org/10.1103/PHYSREVA.72.0
10042,"wiemann, ce",2001,formation of bright matter wave solitons during the collapse of attractive bose einstein condensates,physical review letters,,NO,0,[],10.1103/PhysRevLett.96.170401,'NoneType' object is not subscriptable
10046,"veltman, m",1999,intermediate boson production by neutrinos,physics letters,university of michigan,NO,0,[],10.1016/S0375-9601(63)80045-6,'NoneType' object is not subscriptable
10046,"veltman, m",1999,polarisation of vector bosons produced by neutrinos,physics letters,university of michigan,NO,0,[],10.1016/S0375-9601(63)92358-2,'NoneType' object is not subscriptable
10047,"thooft, g",1999,an algorithm for the poles at dimension four in the dimensional regularization procedure,nuclear physics,,NO,0,[],10.1016/0550-3213(73)90263-0,'NoneType' object is not subscriptable
10049,"tsui, dc",1998,fermi liquid to luttinger liquid transition at the edge of a two dimensional electron gas,physical review letters,princeton university,NO,0,[],10.17877/DE290R-12045,404 Client Error: NOT FOUND for url: https://api.openalex.org/works/doi:https://doi.org/10.17877/DE290R-12045
10049,"tsui, dc",1998,charge transport and intrinsic bistability in resonant tunneling structures,le journal de physique colloques,princeton university,NO,0,[],10.1051/jphyscol:1987597,'NoneType' object is not subscriptable
10049,"tsui, dc",1998,direct measurement of velocity overshoot by hot electron submillimeter wave conductivity in si inversion layers,le journal de physique colloques,bell labs,NO,0,[],10.1051/jphyscol:1981745,'NoneType' object is not subscriptable
10051,"phillips, wd",1997,  optical molasses in a longitudinal magnetic field,journal of the optical society of america b optical physics,national institute of standards and technology,NO,0,[],10.1364/JOSAB.9.001997,'NoneType' object is not subscriptable
10051,"phillips, wd",1997,transport of atoms in a quantum conveyor belt,physical review a,national institute of standards and technology,NO,0,[],10.1103/PHYSREVA.72.0,404 Client Error: NOT FOUND for url: https://api.openalex.org/works/doi:https://doi.org/10.1103/PHYSREVA.72.0
10052,"cohentannoudji, c",1997,vacuum fluctuations and radiation reaction identification of their respective contributions,journal de physique,,NO,0,[],10.1051/jphys:0198200430110161700,'NoneType' object is not subscriptable
10052,"cohentannoudji, c",1997,single atom laser spectroscopy looking for dark periods in fluorescence light,epl,,NO,0,[],10.1209/0295-5075/1/9/004,'NoneType' object is not subscriptable
10052,"cohentannoudji, c",1997,cooling atoms with stimulated emission,physical review letters,,NO,0,[],10.1103/PhysRevLett.57.1688,'NoneType' object is not subscriptable
10052,"cohentannoudji, c",1997,dynamics of a small system coupled to a reservoir reservoir fluctuations and self reaction,journal de physique,,NO,0,[],10.1051/jphys:01984004504063700,'NoneType' object is not subscriptable
10054,"lee, dm",1996,new magnetic phenomena in liquid he 3 below 3 mk,physical review letters,texas a m university,NO,0,[],,"can only concatenate str (not ""float"") to str"
10054,"lee, dm",1996,studies of rapid melting and freezing of 3he in high magnetic fields,le journal de physique colloques,texas a m university,NO,0,[],10.1051/jphyscol:1980720,'NoneType' object is not subscriptable
10054,"lee, dm",1996,splitting of the squashing collective mode of superfluid 3he b by a magnetic field,physical review letters,texas a m university,NO,0,[],10.1103/PhysRevLett.61.1732,'NoneType' object is not subscriptable
10055,"osheroff, dd",1996,nuclear magnetism of adsorbed 3he,le journal de physique colloques,bell labs,NO,0,[],10.1051/jphyscol:19888928,'NoneType' object is not subscriptable
10056,"richards, rc",1996,new magnetic phenomena in liquid he 3 below 3 mk,physical review letters,,NO,0,[],,"can only concatenate str (not ""float"") to str"
10057,"perl, ml",1995,geometrical mechanical and structural adaptation of mouse femora exposed to different loadings,journal of engineering mechanics asce,ben gurion university of the negev,NO,0,[],10.1061/(ASCE)0733-9399(1998)124:2(217,404 Client Error: NOT FOUND for url: https://api.openalex.org/works/doi:https://doi.org/10.1061/(ASCE)0733-9399(1998)124:2(217
10057,"perl, ml",1995,search forcpviolation in the decayd ks0,physical review d,ben gurion university of the negev,NO,0,[],10.1103/PhysRevD.83.071103,'NoneType' object is not subscriptable
10057,"perl, ml",1995,measurement of the decay amplitudes and branching fractions of b j psi k and b j psi k decays,physical review letters,ben gurion university of the negev,NO,0,[],10.2172/813093,'NoneType' object is not subscriptable
10059,"shull, cg",1994,recent magnetic structure studies by neutron diffraction,journal de physique et le radium,massachusetts institute of technology,NO,0,[],10.1051/jphysrad:01959002002-3016900,'NoneType' object is not subscriptable
10063,"charpak, g",1992,high resolution electronic particle detectors,annual review of nuclear and particle science,cern,NO,0,[],10.1146/annurev.ns.34.120184.001441,'NoneType' object is not subscriptable
10063,"charpak, g",1992,methode de mesure de distributions de charges electriques de surface,journal de physique iii,cern,NO,0,[],10.1051/jp3:1993267,'NoneType' object is not subscriptable
10063,"charpak, g",1992,a triggered liquid track chamber with short resolving time,nuclear instruments and methods,cern,NO,0,[],10.1016/0029-554X(63)90480-4,'NoneType' object is not subscriptable
10063,"charpak, g",1992,detection of far ultraviolet photons with the multistep avalanche chamber application to cherenkov light imaging and to some problems in high energy physics,nuclear instruments and methods,cern,NO,0,[],10.1016/0029-554X(79)90074-0,'NoneType' object is not subscriptable
10063,"charpak, g",1992,some properties of spherical drift chambers,nuclear instruments and methods,cern,NO,0,[],10.1016/0029-554X(77)90638-3,'NoneType' object is not subscriptable
10063,"charpak, g",1992,on some factors controlling high accuracy measurements of x ray quanta positions with multiwire proportional chambers,nuclear instruments and methods,cern,NO,0,[],10.1016/0029-554X(78)90262-8,'NoneType' object is not subscriptable
10063,"charpak, g",1992,the use of rise time information in drift or proportional chambers for neutral radiation localization,nuclear instruments and methods,cern,NO,0,[],10.1016/0029-554X(76)90369-4,'NoneType' object is not subscriptable
10063,"charpak, g",1992,methode simple de preparation de sources radioactives uniformes,journal de physique et le radium,college de france,NO,0,[],10.1051/jphysrad:01954001506049000,'NoneType' object is not subscriptable
10063,"charpak, g",1992,etude en fonction de l energie de la diffusion en arriere des electrons,journal de physique et le radium,college de france,NO,0,[],10.1051/jphysrad:019520013010100,'NoneType' object is not subscriptable
10063,"charpak, g",1992,principe et essais preliminaires d un nouveau detecteur permettant de photographier la trajectoire de particules ionisantes dans un gaz,journal de physique et le radium,college de france,NO,0,[],10.1051/jphysrad:01957001808-9053900,'NoneType' object is not subscriptable
10063,"charpak, g",1992,etude avec un photomultiplicateur des impulsions lumineuses produites dans le gaz d un compteur proportionnel,journal de physique et le radium,college de france,NO,0,[],10.1051/jphysrad:01956001707058500,'NoneType' object is not subscriptable
10063,"charpak, g",1992,l etude experimentale de la perturbation apportee au cortege atomique par la desintegration  et la capture electronique,journal de physique et le radium,college de france,NO,0,[],10.1051/jphysrad:01955001607056700,'NoneType' object is not subscriptable
10064,"degennes, pg",1991,statistics of branching and hairpin helices for the dat copolymer,biopolymers,,NO,0,[],10.1002/bip.1968.360060508,'NoneType' object is not subscriptable
10065,"taylor, re",1990,high energy inelastic e p scattering at 6 and 10,physical review letters,stanford university,YES,0,[],,"can only concatenate str (not ""float"") to str"
10066,"friedman, ji",1990,high energy inelastic e p scattering at 6 and 10,physical review letters,massachusetts institute of technology,YES,0,[],,"can only concatenate str (not ""float"") to str"
10067,"kendall, hw",1990,high energy inelastic e p scattering at 6 and 10,physical review letters,massachusetts institute of technology,YES,0,[],,"can only concatenate str (not ""float"") to str"
10068,"ramsey, nf",1989,quantum mechanics and the science of measurements,journal de physique ii,harvard university,NO,0,[],10.1051/jp2:1992152,'NoneType' object is not subscriptable
10068,"ramsey, nf",1989,proton proton scattering at 105 mev and 75 mev,physical review,harvard university,NO,0,[],10.2172/4425276,'NoneType' object is not subscriptable
10069,"dehmelt, hg",1989,coherent spectroscopy on single atomic system at rest in free space ii,le journal de physique colloques,,NO,0,[],10.1051/jphyscol:1981837,'NoneType' object is not subscriptable
10071,"steinberger, j",1988,the detection of artificially produced photomesons with counters,physical review,,NO,0,[],10.2172/4402104,'NoneType' object is not subscriptable
10071,"steinberger, j",1988,tests of the electroweak theory at the z resonance,annual review of nuclear and particle science,,NO,0,[],10.1146/annurev.ns.41.120191.000415,'NoneType' object is not subscriptable
10071,"steinberger, j",1988,preliminary results on the production of mesons by photons on carbon and hydrogen,physical review,,NO,0,[],10.2172/4443228,'NoneType' object is not subscriptable
10071,"steinberger, j",1988,production of positive mesons by photons on hydrogen,physical review,,NO,0,[],10.2172/4395137,'NoneType' object is not subscriptable
10073,"lederman, lm",1988,a diffusion cloud chamber study of very slow mesons ii beta decay of the muon,physical review,,NO,0,[],10.2172/4376792,'NoneType' object is not subscriptable
10074,"muller, ka",1987,neutron scattering study of srti o 3 under 111 uniaxial stress,physical review b,ibm,NO,0,[],10.1103/PhysRevB.17.2937,'NoneType' object is not subscriptable
10076,"binnig, g",1986,scanning tunneling microscopy,helvetica physica acta,ibm,YES,0,[],,"can only concatenate str (not ""float"") to str"
10076,"binnig, g",1986,the scanning tunneling microscope,scientific american,ibm,NO,0,[],10.1038/scientificamerican0885-50,404 Client Error: NOT FOUND for url: https://api.openalex.org/works/doi:https://doi.org/10.1038/scientificamerican0885-50
10077,"rohrer, h",1986,the scanning tunneling microscope,scientific american,ibm,NO,0,[],10.1038/scientificamerican0885-50,404 Client Error: NOT FOUND for url: https://api.openalex.org/works/doi:https://doi.org/10.1038/scientificamerican0885-50
10080,"rubbia, c",1984,the quest for the infinitesimally small,nuovo cimento della societa italiana di fisica a nuclei particles and fields,cern,NO,0,[],10.1007/BF02730856,'NoneType' object is not subscriptable
10080,"rubbia, c",1984,heavy ion accelerators for intertial fusion,nuovo cimento della societa italiana di fisica a nuclei particles and fields,cern,NO,0,[],10.1007/BF02821238,'NoneType' object is not subscriptable
10080,"rubbia, c",1984,search for conversion of muons into electrons,physical review letters,cern,NO,0,[],10.1103/PhysRevLett.8.125,'NoneType' object is not subscriptable
10082,"fowler, wa",1983,176lu and s process nucleosynthesis,nature,california institute of technology,NO,0,[],10.1038/10.1038/physci238008a0,404 Client Error: NOT FOUND for url: https://api.openalex.org/works/doi:https://doi.org/10.1038/10.1038/physci238008a0
10083,"chandrasekhar, s",1983,pressure studies on liquid crystalline materials,le journal de physique colloques,raman research institute,NO,0,[],10.1051/jphyscol:1975107,'NoneType' object is not subscriptable
10083,"chandrasekhar, s",1983,orientational order in p azoxyanisole p azoxyphenetole and their mixtures in the nematic phase,le journal de physique colloques,raman research institute,NO,0,[],10.1051/jphyscol:1969406,'NoneType' object is not subscriptable
10088,"cronin, jw",1980,evidence for the 2pi decay of the k20 meson,physical review letters,university of chicago,NO,0,[],,"can only concatenate str (not ""float"") to str"
10088,"cronin, jw",1980,ii interactions faiblessome impressions of experimental progress in weak interactions,le journal de physique colloques,university of chicago,NO,0,[],10.1051/jphyscol:1971302,'NoneType' object is not subscriptable
10088,"cronin, jw",1980,multi messenger observations of a binary neutron star merger,the astrophysical journal,university of chicago,NO,0,[],10.3847/2041-8213/aa91c9,404 Client Error: NOT FOUND for url: https://api.openalex.org/works/doi:https://doi.org/10.3847/2041-8213/aa91c9
10091,"weinberg, s",1979,su 3 x u 1 gauge theory of the weak and electromagnetic interactions,physical review letters,university of texas at austin,NO,0,[],10.1103/PhysRevLett.38.1237,404 Client Error: NOT FOUND for url: https://api.openalex.org/works/doi:https://doi.org/10.1103/PhysRevLett.38.1237
10092,"glashow, sl",1979,lepton flavor violation in b decays,physical review letters,boston university,NO,0,[],10.1103/PhysRevLett.114.091801,'NoneType' object is not subscriptable
10092,"glashow, sl",1979,six fermion weak interactions,physical review,,NO,0,[],10.1103/PhysRev.133.B130,'NoneType' object is not subscriptable
10093,"kapitza, pl",1978,viscosity of liquid helium below the lambda point,nature,,NO,0,[],,"can only concatenate str (not ""float"") to str"
10096,"mott, n",1977,the metal nonmetal transition,reports on progress in physics,university of cambridge,NO,0,[],10.1088/0034-4885/33/3/302,'NoneType' object is not subscriptable
10096,"mott, n",1977,explanation of the large spin dependent recombination effect in semiconductors,journal de physique lettres,,NO,0,[],10.1051/jphyslet:0197800390405100,'NoneType' object is not subscriptable
10096,"mott, n",1977,doped antiferromagnetic insulators a model for high temperature superconductivity,journal de physique,,NO,0,[],10.1051/jphys:0198900500180281100,'NoneType' object is not subscriptable
10096,"mott, n",1977,electrons in glass,,,NO,0,[],10.1051/rphysap:01977001205061900,'NoneType' object is not subscriptable
10097,"anderson, pw",1977,effect of franck condon displacements on the mobility edge and the energy gap in disordered materials,nature,,NO,0,[],10.1038/10.1038/physci235163a0,404 Client Error: NOT FOUND for url: https://api.openalex.org/works/doi:https://doi.org/10.1038/10.1038/physci235163a0
10097,"anderson, pw",1977,ordering and antiferromagnetism in ferrites,physical review,,NO,0,[],10.1103/PhysRev.102.1008,404 Client Error: NOT FOUND for url: https://api.openalex.org/works/doi:https://doi.org/10.1103/PhysRev.102.1008
10099,"ting, scc",1976,search for the standard model higgs boson at lep,physics letters b,massachusetts institute of technology,NO,0,[],10.1016/S0370-2693(03)00614-2,'NoneType' object is not subscriptable
10106,"esaki, l",1973,advances in semiconductor superlattices quantum wells and heterostructures,le journal de physique colloques,ibm,NO,0,[],10.1051/jphyscol:1984501,'NoneType' object is not subscriptable
10106,"esaki, l",1973,electrons and holes in inas ga al sb as quantum wells,le journal de physique colloques,ibm,NO,0,[],10.1051/jphyscol:1987529,'NoneType' object is not subscriptable
10107,"giaever, i",1973,superconductive tunneling,,,NO,0,[],,"can only concatenate str (not ""float"") to str"
10109,"schrieffer, jr",1972,exchange interaction in alloys with cerium impurities,physical review,florida state university,NO,0,[],10.1103/PhysRev.185.847,'NoneType' object is not subscriptable
10111,"bardeen, j",1972,evolution of superconductivity,le journal de physique colloques,university of illinois at urbana champaign,NO,0,[],10.1051/jphyscol:19786573,'NoneType' object is not subscriptable
10113,"neel, l",1970,magnetic properties of multilayer films of feni mn fenico and of feni mn,ieee transactions on magnetics,,NO,0,[],10.1109/TMAG.1965.1062922,'NoneType' object is not subscriptable
10113,"neel, l",1970,a coupling phenomenon between the magnetization of two ferromagnetic thin films separated by a thin metallic film application to magnetic memories,ieee transactions on magnetics,,NO,0,[],10.1109/TMAG.1965.1062923,'NoneType' object is not subscriptable
10113,"neel, l",1970,remarques sur les interactions magnetiques,journal de physique et le radium,,NO,0,[],10.1051/jphysrad:01962002308-9044900,'NoneType' object is not subscriptable
10113,"neel, l",1970,theorie du trainage magnetique des substances massives dans le domaine de rayleigh,journal de physique et le radium,,NO,0,[],10.1051/jphysrad:0195000110204900,'NoneType' object is not subscriptable
10113,"neel, l",1970,some new results on antiferromagnetism and ferromagnetism,reviews of modern physics,,NO,0,[],10.1103/RevModPhys.25.58,'NoneType' object is not subscriptable
10113,"neel, l",1970,remarques sur la theorie des proprietes magnetiques des couches minces et des grains fins,journal de physique et le radium,,NO,0,[],10.1051/jphysrad:01956001703025000,'NoneType' object is not subscriptable
10113,"neel, l",1970,etude theorique du couplage ferro antiferromagnetique dans les couches minces,annales de physique,,NO,0,[],10.1051/anphys/19671402061,'NoneType' object is not subscriptable
10113,"neel, l",1970,l approche a la saturation de la magnetostriction,journal de physique et le radium,,NO,0,[],10.1051/jphysrad:01954001505037601,'NoneType' object is not subscriptable
10113,"neel, l",1970,theorie du trainage magnetique de diffusion,journal de physique et le radium,,NO,0,[],10.1051/jphysrad:01952001305024900,'NoneType' object is not subscriptable
10113,"neel, l",1970,effet de la dilatation thermique sur la valeur de la constante de curie des ferrites,journal de physique et le radium,,NO,0,[],10.1051/jphysrad:01951001203025800,'NoneType' object is not subscriptable
10113,"neel, l",1970,sur les effets des interactions entre les domaines elementaires ferromagnetiques bascule et reptation,journal de physique et le radium,,NO,0,[],10.1051/jphysrad:01959002002-3021500,'NoneType' object is not subscriptable
10113,"neel, l",1970,sur le ferromagnetisme des ferrites ou ferrimagnetisme,physica d nonlinear phenomena,,NO,0,[],10.1016/0031-8914(50)90034-6,'NoneType' object is not subscriptable
10115,"gellmann, m",1969,hyperons and heavy mesons systematics and decay,annual review of nuclear and particle science,,NO,0,[],10.1146/annurev.ns.07.120157.002203,'NoneType' object is not subscriptable
10116,"alvarez, lw",1968,resonance in the lambdapi system,physical review letters,university of chicago,NO,0,[],,"can only concatenate str (not ""float"") to str"
10116,"alvarez, lw",1968,study of resonances of the s p system,physical review letters,university of chicago,NO,0,[],,"can only concatenate str (not ""float"") to str"
10116,"alvarez, lw",1968,resonance in the p system,physical review letters,university of chicago,NO,0,[],,"can only concatenate str (not ""float"") to str"
10117,"bethe, ha",1967,statistical theory of superlattices,,cornell university,NO,0,[],10.1098/rspa.1935.0122,404 Client Error: NOT FOUND for url: https://api.openalex.org/works/doi:https://doi.org/10.1098/rspa.1935.0122
10117,"bethe, ha",1967,theory of bremsstrahlung and pair production i differential cross section,physical review,cornell university,NO,0,[],10.1103/PhysRev.93.768,404 Client Error: NOT FOUND for url: https://api.openalex.org/works/doi:https://doi.org/10.1103/PhysRev.93.768
10118,"kastler, a",1966,*quelques suggestions concernant la production optique et la detection optique dune inegalite de population des niveaux de quantification spatiale des atomes - application a lexperience de stern et gerlach et a la resonance magnetique,,,YES,0,[],,"can only concatenate str (not ""float"") to str"
10118,"kastler, a",1966,quelques suggestions concernant la production optique et la detection optique d une inegalite de population des niveaux de quantifigation spatiale des atomes application a l experience de stern et gerlach et a la resonance magnetique,journal de physique et le radium,ecole normale superieure,NO,0,[],10.1051/jphysrad:01950001106025500,'NoneType' object is not subscriptable
10119,"feynman, rp",1965,infinitesimal machinery,ieee asme journal of microelectromechanical systems,california institute of technology,NO,0,[],,"can only concatenate str (not ""float"") to str"
10119,"feynman, rp",1965,equations of state of elements based on the generalized fermi thomas theory,physical review,california institute of technology,NO,0,[],10.2172/4417654,'NoneType' object is not subscriptable
10120,"schwinger, j",1965,theory of many particle systems i,physical review,university of california los angeles,NO,0,[],10.1103/PhysRev.115.1342,404 Client Error: NOT FOUND for url: https://api.openalex.org/works/doi:https://doi.org/10.1103/PhysRev.115.1342
10122,"prokhorov, am",1964,*primenenie molekulyarnykh puchkov dlya radiospektroskopicheskogo izucheniya vrashchatelnykh spektrov molekul,,,YES,0,[],,"can only concatenate str (not ""float"") to str"
10123,"townes, ch",1964,the effect of electronic paramagnetism on nuclear magnetic resonance frequencies in metals,physical review,university of california berkeley,NO,0,[],10.2172/4428437,'NoneType' object is not subscriptable
10123,"townes, ch",1964,hyperfine structure and exchange narrowing of paramagnetic resonance,physical review,university of california berkeley,NO,0,[],10.2172/4426557,'NoneType' object is not subscriptable
10124,"basov, ng",1964,*primenenie molekulyarnykh puchkov dlya radiospektroskopicheskogo izucheniya vrashchatelnykh spektrov molekul,,,YES,0,[],,"can only concatenate str (not ""float"") to str"
10124,"basov, ng",1964,electroionization lasers,ieee journal of quantum electronics,lebedev physical institute,NO,0,[],,"can only concatenate str (not ""float"") to str"
10126,"mayer, mg",1963,on closed shells in nuclei,physical review,,NO,0,[],10.2172/4424422,'NoneType' object is not subscriptable
10127,"wigner, ep",1963,on science and its evolution,le journal de physique colloques,princeton university,NO,0,[],10.1051/jphyscol:1982829,'NoneType' object is not subscriptable
10130,"hofstadter, r",1961,laser fusion,ieee transactions on nuclear science,stanford university,NO,0,[],,"can only concatenate str (not ""float"") to str"
10130,"hofstadter, r",1961,high energy electron scattering and the charge distributions of selected nuclei,physical review,stanford university,NO,0,[],10.2172/4366094,'NoneType' object is not subscriptable
10130,"hofstadter, r",1961,crystal counters,,princeton university,NO,0,[],,"can only concatenate str (not ""float"") to str"
10132,"chamberlain, o",1959,observation of antiprotons,physical review,university of california berkeley,YES,0,[],10.2172/915069,'NoneType' object is not subscriptable
10132,"chamberlain, o",1959,observation of antiprotons,lawrence berkeley national laboratory,university of california berkeley,NO,0,[],,"can only concatenate str (not ""float"") to str"
10132,"chamberlain, o",1959,elastic scattering of 190 mev deuterons by protons,physical review,university of california berkeley,NO,0,[],10.2172/915415,'NoneType' object is not subscriptable
10132,"chamberlain, o",1959,rotation of polarization vector and depolarization in p pscattering,physical review,university of california berkeley,NO,0,[],10.2172/914459,'NoneType' object is not subscriptable
10132,"chamberlain, o",1959,measurement of the polarization in elastic electron proton scattering,physical review letters,university of california berkeley,NO,0,[],10.2172/915063,'NoneType' object is not subscriptable
10133,"segre, e",1959,observation of antiprotons,physical review,,YES,0,[],10.2172/915069,'NoneType' object is not subscriptable
10133,"segre, e",1959,observation of antiprotons,lawrence berkeley national laboratory,,NO,0,[],,"can only concatenate str (not ""float"") to str"
10134,"cherenkov, pa",1958,Visible emission of clean liquids by action of  radiation,,,YES,0,[],,"can only concatenate str (not ""float"") to str"
10135,"tamm, i",1958,coherent visible radiation from fast electrons passing through matter,,,YES,0,[],,"can only concatenate str (not ""float"") to str"
10137,"lee, td",1957,remarks on triplet models insu3 symmetry,il nuovo cimento,cern,NO,0,[],10.1007/BF02739353,'NoneType' object is not subscriptable
10137,"lee, td",1957,cp invariance and the 2 decay mode of the k20,physics letters,cern,NO,0,[],10.1016/0031-9163(64)91142-4,'NoneType' object is not subscriptable
10137,"lee, td",1957,analysis of cp noninvariant interactions and the k sub 1 sup 0 k sub 2 sup 0 system,physical review,,NO,0,[],10.1103/PhysRev.138.B1490,'NoneType' object is not subscriptable
10137,"lee, td",1957,analysis of divergences in a neutral spin 1 meson theory with parity nonconserving interactions,nuovo cimento della societa italiana di fisica a nuclei particles and fields,cern,NO,0,[],10.1007/BF02753163,'NoneType' object is not subscriptable
10137,"lee, td",1957,intensity of upward muon flux due to cosmic ray neutrinos produced in the atmosphere,physical review,,NO,0,[],10.2172/4685861,'NoneType' object is not subscriptable
10139,"bardeen, j",1956,evolution of superconductivity,le journal de physique colloques,university of illinois at urbana champaign,NO,0,[],10.1051/jphyscol:19786573,'NoneType' object is not subscriptable
10144,"born, m",1954,on the quantum theory of molecules,,,YES,0,[],,"can only concatenate str (not ""float"") to str"
10144,"born, m",1954,albert einstein und das lichtquantum,naturwissenschaften,university of edinburgh,NO,0,[],10.1007/978-3-322-88794-8_18,'NoneType' object is not subscriptable
10144,"born, m",1954,quantenmechanik und statistik,naturwissenschaften,university of edinburgh,NO,0,[],10.1007/978-3-322-88794-8_2,'NoneType' object is not subscriptable
10144,"born, m",1954,l interpretation statistique de la mecanique quantique conference nobel 1954,journal de physique et le radium,university of edinburgh,NO,0,[],10.1051/jphysrad:019550016010073700,'NoneType' object is not subscriptable
10144,"born, m",1954,sur la theorie de la supraconductivite,journal de physique et le radium,university of edinburgh,NO,0,[],10.1051/jphysrad:01948009010024900,'NoneType' object is not subscriptable
10144,"born, m",1954,uber den sinn der physikalischen theorien,naturwissenschaften,university of edinburgh,NO,0,[],10.1007/978-3-322-88794-8_4,'NoneType' object is not subscriptable
10155,"bridgman, pw",1946,the coagulation of albumen by pressure,journal of biological chemistry,,YES,0,[],,"can only concatenate str (not ""float"") to str"
10160,"fermi, e",1938,scattering of negative pions by hydrogen,physical review,university of chicago,NO,0,[],10.1103/PhysRev.92.161,'affiliations'
10160,"fermi, e",1938,total cross sections of negative pions in hydrogen,physical review,university of chicago,NO,0,[],10.1103/PhysRev.85.934.2,'affiliations'
10163,victor f. hess,1936,observations in low level radiation during seven free balloon flights.,,,YES,0,[],,"can only concatenate str (not ""float"") to str"
10170,"broglie, ld",1929,les principes de la nouvelle mecanique ondulatoire,journal de physique et le radium,french academy of sciences,NO,0,[],10.1051/jphysrad:01926007011032100,'NoneType' object is not subscriptable
10170,"broglie, ld",1929,sur la possibilite de mettre en evidence le moment magnetique propre des particules de spin 1 2,journal de physique et le radium,french academy of sciences,NO,0,[],10.1051/jphysrad:01948009011026500,'NoneType' object is not subscriptable
10170,"broglie, ld",1929,sur la possibilite d une structure complexe des particules de spin different de 1 2,journal de physique et le radium,french academy of sciences,NO,0,[],10.1051/jphysrad:01951001204050900,'NoneType' object is not subscriptable
10170,"broglie, ld",1929,l interpretation de la mecanique ondulatoire,journal de physique et le radium,french academy of sciences,NO,0,[],10.1051/jphysrad:019590020012096300,'NoneType' object is not subscriptable
10170,"broglie, ld",1929,recherches sur la theorie des quanta,annales de physique,french academy of sciences,NO,0,[],10.1051/anphys/192510030022,'NoneType' object is not subscriptable
10171,"richardson, ow",1928,on the negative radiation from hot platinum,,,YES,0,[],,"can only concatenate str (not ""float"") to str"
10174,"perrin, j",1926,sur la theorie du mouvement brownien,,,YES,0,[],,"can only concatenate str (not ""float"") to str"
10175,gustav hertz,1925,the kinetics of electrons and ions in gases,,,YES,0,[],,"can only concatenate str (not ""float"") to str"
10175,gustav hertz,1925,the confirmation of the bohr atomic theory in the optical spectra by means of experiments of the unelastic impacts of slow electrons with gas molecules,,,YES,0,[],,"can only concatenate str (not ""float"") to str"
10176,"franck, j",1925,the kinetics of electrons and ions in gases,,,YES,0,[],,"can only concatenate str (not ""float"") to str"
10176,"franck, j",1925,the confirmation of the bohr atomic theory in the optical spectra by means of experiments of the unelastic impacts of slow electrons with gas molecules,,,YES,0,[],,"can only concatenate str (not ""float"") to str"
10177,"siegbahn, m",1924,the x-ray spectrum of the elements na to cr,,,YES,0,[],,"can only concatenate str (not ""float"") to str"
10177,"siegbahn, m",1924,on the high-frequency spectra (k-series) of elements cr to ge.,,,YES,0,[],,"can only concatenate str (not ""float"") to str"
10177,"siegbahn, m",1924,on a vacuum spectrograph for the registration of high-frequence spectra and a preliminary testing of rare soils with the same.,,,YES,0,[],,"can only concatenate str (not ""float"") to str"
10180,"einstein, a",1921,on the movement of small particles suspended in a stationary liquid demanded by the molecular kinetic theory of heart,annalen der physik,,YES,0,[],,"can only concatenate str (not ""float"") to str"
10181,charles edouard guillaume,1920,lifetime of 0 0 and s,il nuovo cimento,brookhaven national laboratory,NO,0,[],,"can only concatenate str (not ""float"") to str"
10181,charles edouard guillaume,1920,beta decay of the pion,physical review letters,brookhaven national laboratory,NO,0,[],,"can only concatenate str (not ""float"") to str"
10181,charles edouard guillaume,1920,systematics of lambda sup 0 and theta sup 0 decay,il nuovo cimento,brookhaven national laboratory,NO,0,[],,"can only concatenate str (not ""float"") to str"
10181,charles edouard guillaume,1920,experimental determinations of the lambda sup 0 and sigma sup spins,il nuovo cimento,brookhaven national laboratory,NO,0,[],,"can only concatenate str (not ""float"") to str"
10181,charles edouard guillaume,1920,systematics of 0 and 0 decay,il nuovo cimento,brookhaven national laboratory,NO,0,[],,"can only concatenate str (not ""float"") to str"
10181,charles edouard guillaume,1920,leptonic decay of a s hyperon,physical review letters,brookhaven national laboratory,NO,0,[],,"can only concatenate str (not ""float"") to str"
10181,charles edouard guillaume,1920,reaction pi p yields sigma k sup at 1 2 and 1 3 bev k e,,brookhaven national laboratory,NO,0,[],,"can only concatenate str (not ""float"") to str"
10181,charles edouard guillaume,1920,systematics of lambda and theta decay,,brookhaven national laboratory,NO,0,[],,"can only concatenate str (not ""float"") to str"
10181,charles edouard guillaume,1920,leptonic decay of a sigma hyperon,physical review letters,brookhaven national laboratory,NO,0,[],,"can only concatenate str (not ""float"") to str"
10181,charles edouard guillaume,1920,experimental determinations of the lambda and sigma spins,,brookhaven national laboratory,NO,0,[],,"can only concatenate str (not ""float"") to str"
10182,"stark, j",1919,beobachtungen ber den effekt des elektrischen feldes auf spektrallinien i quereffekt,annalen der physik,,NO,0,[],,"can only concatenate str (not ""float"") to str"
10188,"onnes, hk",1913,"further experiments with liquid helium d - on the change of the electrical resistance of pure metals at very low temperatures, etc v the disappearance of the resistance of mercury",,,YES,0,[],,"can only concatenate str (not ""float"") to str"
10189,"wien, w",1911,Wien's displacement law,,,YES,0,[],,"can only concatenate str (not ""float"") to str"
10193,"zeeman, p",1902,The Effect of Magnetisation on the Nature of Light Emitted by a Substance,,,YES,0,[],,"can only concatenate str (not ""float"") to str"
10193,"zeeman, p",1902,The Influence of a Magnetic Field on Radiation Frequency,,,YES,0,[],,"can only concatenate str (not ""float"") to str"
